"","rising_new$video_id"
"1","udWvb1E7nBo"
"2","tpOiGqyvkYA"
"3","Krru5HycLSo"
"4","cbIvbwybmYM"
"5","cCHju8EJJ70"
"6","hCRcle94Oa8"
"7","TYD1UzFi6Is"
"8","HBQBkmEHAJU"
"9","JkG25DMfgFA"
"10","pE0TzatYgzI"
"11","K4aPZa0FFM0"
"12","FMxRZy0YAAA"
"13","qYNlC25OmoQ"
"14","mPJ0PbIpZXA"
"15","7rVIqdaHjHI"
"16","dxiRTIwpVSk"
"17","ckpYx47hqQA"
"18","Rt6TEjwxbCQ"
"19","N2MarwoGvCQ"
"20","QEReC5HtZQo"
"21","i-vsL90Gx0E"
"22","vRRWV_QveFU"
"23","1w1ZQvF4NAc"
"24","adPngTVgfbg"
"25","XkVWUu-_jh4"
"26","vxVIG9ItRc0"
"27","8f4QofNoYf8"
"28","EJzlbDA7H1k"
"29","hdmCXthK7yc"
"30","Dgiuy7n8TXs"
"31","QAoKqpLSHC4"
"32","htKXBEzRYuw"
"33","Mvc3sSL6mW0"
"34","VVrskM-JIME"
"35","3V8CYF-z4eI"
"36","Zo4Tu-EWCAM"
"37","lXujM0Aic0M"
"38","_WFibW1rJi0"
"39","tbHcARcvZiI"
"40","cer0_01K76o"
"41","UEwkWlgveTE"
"42","B_T9IqzLyuA"
"43","8mn6vuCBxYk"
"44","5rbQ8rmXJsE"
"45","F0kTg7Krs00"
"46","ARq3_FTE80k"
"47","3tK_OfbBUd0"
"48","FOYseC8buUk"
"49","h_0yuPOAsCM"
"50","iE2TDP27aUg"
"51","AR8Cs7g0KL0"
"52","Oi1hwDfAwwc"
"53","t8PnjS2FHLY"
"54","Ky-i2z2Gk7c"
"55","oEbVBi1f0e8"
"56","9SD2kMYhK5A"
"57","A-te4nwj9Z4"
"58","NIv0vmtzofc"
"59","E8VnPCFvWQM"
"60","98cXig0hOVw"
"61","T2ZNQ4AGddo"
"62","HKz4qJv-MNE"
"63","zZdvLlSPhJA"
"64","mfiaFE6rpfE"
"65","CjvgjUWIZHA"
"66","UtMBJ19r7c8"
"67","s5C-3UMdxvs"
"68","EE99szM1l1k"
"69","u51s3VrcHdY"
"70","dhAKZSXcsKo"
"71","HLX-4bEVGI4"
"72","XygJ45hQrYM"
"73","yH-bbwGj5zU"
"74","--hWjFbvsrc"
"75","IyIpazg83T8"
"76","WEHWRTrOuh8"
"77","LRxrwqaYgVk"
"78","EapWRy-6C3o"
"79","ktdNFeOi4BU"
"80","WqGSJ9Purfg"
"81","Qd5V2DuDYRU"
"82","hJFN_nYJ69k"
"83","1fxvuBFAXvY"
"84","dJasxteKye4"
"85","uQ_KO6NpUwQ"
"86","MmO5YULUWY8"
"87","PQi16uY395s"
"88","t_3aUlcIvyU"
"89","602dZTJ83aM"
"90","ArchkJrSOsE"
"91","BvsyOKBZ8D0"
"92","BRsyhO19TcU"
"93","SZJkooiSM0c"
"94","0IUjlJu3s6Y"
"95","Br6HlVstct8"
"96","ondRArdQAJU"
"97","Oi8UCsXdcR4"
"98","XHkmwvDXxEs"
"99","xENuTgFpCbo"
"100","f40TOeDnQeQ"
"101","m8b5GjhAL-8"
"102","cF-gkWI8-Ak"
"103","you6k9GEJQY"
"104","AXdQVjwDhWY"
"105","5FNjOTMacV4"
"106","17839"
"107","3455"
"108","72189"
"109","35448"
"110","20318"
"111","73432"
"112","25304"
"113","19324"
"114","27423"
"115","83051"
"116","16058"
"117","28614"
"118","55085"
"119","9379"
"120","60756"
"121","21637"
"122","26917"
"123","48001"
"124","42814"
"125","11574"
"126","28461"
"127","35278"
"128","57251"
"129","23720"
"130","48076"
"131","39615"
"132","40528"
"133","4140"
"134","2922"
"135","5116"
"136","9229"
"137","127127"
"138","46314"
"139","25491"
"140","35383"
"141","28576"
"142","28307"
"143","13326"
"144","2548"
"145","68319"
"146","12832"
"147","43147"
"148","35926"
"149","44165"
"150","24980"
"151","13101"
"152","9616"
"153","37352"
"154","8672"
"155","98701"
"156","19707"
"157","40881"
"158","12492"
"159","149799"
"160","21813"
"161","25793"
"162","20172"
"163","50305"
"164","221488"
"165","38267"
"166","14268"
"167","37187"
"168","29815"
"169","16476"
"170","28600"
"171","265892"
"172","24766"
"173","251359"
"174","13403"
"175","10187"
"176","14559"
"177","931290"
"178","44132"
"179","4548"
"180","27276"
"181","3359"
"182","14251"
"183","20214"
"184","17035"
"185","6069"
"186","56140"
"187","44791"
"188","113429"
"189","33357"
"190","17873"
"191","99217"
"192","71312"
"193","168175"
"194","5900"
"195","27530"
"196","64214"
"197","63261"
"198","21429"
"199","46860"
"200","7433"
"201","134539"
"202","5765"
"203","5325"
"204","24245"
"205","24968"
"206","278221"
"207","7632"
"208","106554"
"209","84505"
"210","21815"
"211","2198"
"212","7313"
"213","78692"
"214","65833"
"215","325425"
"216","20030"
"217","63449"
"218","5281"
"219","129327"
"220","8362"
"221","38814"
"222","23272"
"223","531649"
"224","38364"
"225","7628"
"226","38064"
"227","13038"
"228","2888"
"229","38857"
"230","363337"
"231","11889"
"232","124881"
"233","11577"
"234","5999"
"235","17268"
"236","22036"
"237","135910"
"238","36535"
"239","54063"
"240","19214"
"241","35099"
"242","52048"
"243","34102"
"244","21380"
"245","67516"
"246","98035"
"247","28063"
"248","6380"
"249","115079"
"250","54775"
"251","373516"
"252","365344"
"253","14304"
"254","105382"
"255","16336"
"256","454922"
"257","21017"
"258","80427"
"259","94217"
"260","69228"
"261","43310"
"262","18898"
"263","60686"
"264","66638"
"265","12581"
"266","175236"
"267","22065"
"268","77036"
"269","24006"
"270","51622"
"271","7812"
"272","67574"
"273","16064"
"274","387343"
"275","30980"
"276","47193"
"277","14282"
"278","56635"
"279","33277"
"280","15538"
"281","68503"
"282","27010"
"283","1630"
"284","16775"
"285","26089"
"286","23264"
"287","40999"
"288","7432"
"289","79464"
"290","29179"
"291","60207"
"292","61526"
"293","66822"
"294","4930"
"295","18308"
"296","57393"
"297","41875"
"298","73272"
"299","29581"
"300","96229"
"301","66035"
"302","19749"
"303","22934"
"304","3902"
"305","95685"
"306","56597"
"307","19226"
"308","544"
"309","34435"
"310","25327"
"311","19448"
"312","28851"
"313","181148"
"314","147273"
"315","96134"
"316","64025"
"317","34454"
"318","18174"
"319","1205"
"320","636203"
"321","19203"
"322","8209"
"323","59705"
"324","29267"
"325","8904"
"326","39117"
"327","65144"
"328","39074"
"329","26546"
"330","19582"
"331","45359"
"332","36143"
"333","34488"
"334","43309"
"335","34962"
"336","22957"
"337","86655"
"338","49320"
"339","34380"
"340","53700"
"341","61847"
"342","18896"
"343","81199"
"344","28945"
"345","25098"
"346","16839"
"347","41048"
"348","31035"
"349","50141"
"350","27569"
"351","49722"
"352","21766"
"353","43172"
"354","46660"
"355","21513"
"356","9354"
"357","46732"
"358","10419"
"359","153855"
"360","55632"
"361","30358"
"362","42873"
"363","21845"
"364","116938"
"365","40086"
"366","30883"
"367","28486"
"368","14842"
"369","65590"
"370","41778"
"371","8095"
"372","39813"
"373","78889"
"374","74106"
"375","19549"
"376","95664"
"377","138701"
"378","32706"
"379","72627"
"380","64403"
"381","27021"
"382","31406"
"383","21465"
"384","64055"
"385","328348"
"386","36315"
"387","49806"
"388","11970"
"389","13938"
"390","40225"
"391","5178"
"392","8474"
"393","39329"
"394","35271"
"395","221405"
"396","28504"
"397","48729"
"398","52630"
"399","874"
"400","21431"
"401","20960"
"402","46005"
"403","17439"
"404","21262"
"405","42117"
"406","88711"
"407","13160"
"408","2448"
"409","78696"
"410","40384"
"411","89701"
"412","57614"
"413","20657"
"414","920"
"415","34177"
"416","43241"
"417","67931"
"418","62997"
"419","19403"
"420","48244"
"421","35269"
"422","48103"
"423","52430"
"424","6041"
"425","7462"
"426","72378"
"427","57933"
"428","974"
"429","46974"
"430","67762"
"431","94653"
"432","30435"
"433","15616"
"434","25589"
"435","47337"
"436","54161"
"437","378"
"438","41513"
"439","239"
"440","1934"
"441","83998"
"442","2844"
"443","98913"
"444","2841"
"445","473690"
"446","460"
"447","11690"
"448","272"
"449","3616"
"450","67484"
"451","2923"
"452","20935"
"453","56627"
"454","34830"
"455","1373"
"456","64970"
"457","63450"
"458","36771"
"459","22235"
"460","35769"
"461","50952"
"462","71682"
"463","2205"
"464","77340"
"465","3970"
"466","3280"
"467","20833"
"468","26136"
"469","30103"
"470","50372"
"471","25586"
"472","38770"
"473","39438"
"474","8242"
"475","47794"
"476","620"
"477","212844"
"478","39788"
"479","88596"
"480","14972"
"481","31019"
"482","34369"
"483","1075"
"484","225"
"485","41560"
"486","17309"
"487","450"
"488","2190"
"489","145"
"490","47686"
"491","135"
"492","6166"
"493","26485"
"494","204"
"495","10163"
"496","362"
"497","7739"
"498","925"
"499","29433"
"500","41451"
"501","104698"
"502","916792"
"503","47415"
"504","85976"
"505","131495"
"506","1277"
"507","88072"
"508","11064"
"509","1427344"
"510","108988"
"511","377120"
"512","okrmkg6akSc"
"513","iGnKNdzmgeU"
"514","Uhe8rwonIuk"
"515","y1q06bXsq8s"
"516","cZqraHQ2sK8"
"517","As4jp0Cgopo"
"518","Ms5qqlGRxy8"
"519","sfZFUclt7T8"
"520","6C6V0H0AaPc"
"521","6ZAFlqJQDdI"
"522","zTT4it_f7Jc"
"523","nvapf8dXckk"
"524","ooIVJ9Mpq_U"
"525","tJuwsu109YM"
"526","JicIaBHyLuw"
"527","8RYqf38uMkk"
"528","xfTA0eeDjm0"
"529","LovHY0Z25co"
"530","Pb0UZlEGnPg"
"531","oBfBTZ8mcmA"
"532","LzvkLDTScl4"
"533","acrsCMyJVT0"
"534","0vNhGXzRdzU"
"535","EQYHx7drUWE"
"536","UVowhJJuZv8"
"537","_W4vKT847h0"
"538","M9jkITpnDp4"
"539","V0o_7fusKxM"
"540","wRYVGFXDR7g"
"541","UTpbaJEHDS4"
"542","n_60oIqssVw"
"543","aRaFArSwG98"
"544","UXmhMVqkxno"
"545","L34DKFkK-i0"
"546","zRN7D0hVv60"
"547","m1r6nyt_4Co"
"548","sq7eR4NupcU"
"549","ua81imsvh2w"
"550","P8sPbEb4To8"
"551","ctpvJssLUqA"
"552","yTv1-ROl7xk"
"553","F0tAWaNEhU8"
"554","t7weljfsgl8"
"555","xHYsqVRw_iE"
"556","vHPel91HZYs"
"557","gkUVYQQ6pRU"
"558","XNtb-Enaz-Y"
"559","kMv9Ii_M5Oo"
"560","xXfGE37nqFc"
"561","ULfZnRSDRwg"
"562","jx1O7EH9Lzc"
"563","y_eVjrU_uow"
"564","jWSRfLkdtTE"
"565","-Jfj4QvPmn8"
"566","5dNKGfdKUOs"
"567","SCZqjY6QUQc"
"568","2p7ro7tnbMI"
"569","XWpHzmpyTcQ"
"570","UfvG18b6wlo"
"571","AB8GdDnd1tI"
"572","BnLbhdqdy64"
"573","QwbqiMktZfM"
"574","uJ4mfw3bVek"
"575","LCiekg3dAtE"
"576","jwEW9PE1fvM"
"577","9c2krazRvYw"
"578","nRgrGvT2p-k"
"579","VG8-0zs00sY"
"580","n2R8L2rlTCw"
"581","392sfHT-OgE"
"582","EmrGn_nM0n4"
"583","JX_OOyj_7jY"
"584","rgp6vVYJjSI"
"585","BAbJWq-O-h0"
"586","11q9dir2Nts"
"587","FfJ54jzdXSg"
"588","CUx1KxEzZe8"
"589","t5HOoNcsZqU"
"590","32MsZd0Bgp8"
"591","pBLae8reoUE"
"592","vVIDc7qxTMA"
"593","XwKHOtB7eds"
"594","NLLmB0IRL9Y"
"595","lr1Ut8nYe48"
"596","tgq_J3AWZYM"
"597","1AXYi8xno3w"
"598","XrjxVFzwEgI"
"599","_t-cmDH0yyM"
"600","VXWQJ9V6blo"
"601","KaqosNKdL3s"
"602","WAb3caPaHP8"
"603","qa5Tz-NMJEY"
"604","W63INqN7hpc"
"605","cE0GrPqNAzs"
"606","8xj6SR0ghlw"
"607","bnMU-4raF5E"
"608","pgfFPVtLYCw"
"609","sGNMFXQ_PqA"
"610","gm2VXqsj-hk"
"611","KJuA4yo8oCs"
"612","jKyW3VHRnoY"
"613","oNg3Sg6Tpl4"
"614","3BWjYsriRGU"
"615","jdhmVx2pjHg"
"616","mVoJNrA09qk"
"617","T2OAFTQGBeU"
"618","0ywiwh53n1w"
"619","Wxhl5blIcdw"
"620","aamhfPqqZtg"
"621","OYSAU2TVOUo"
"622","FMz-7V39N_Y"
"623","iq8F7HFoQI4"
"624","yN_eBWIGFwI"
"625","lH9Ud06w-Y8"
"626","nqOol7TFGg8"
"627","9zvvr4C68S8"
"628","L6h56wBMgyY"
"629","9bvv7Ocq1mo"
"630","CkfWw0TplXE"
"631","PGdamHWoAuk"
"632","BBRSszrsOEA"
"633","f3bUBiLoPJU"
"634","Uo154q22Bck"
"635","PuvOnvlt8rM"
"636","yn3SHp2KnHM"
"637","G4HHftNobJY"
"638","OCVqgkMQKnw"
"639","dBa3-IJGr-M"
"640","kkwufBRD-t8"
"641","HSAOOwZOesU"
"642","MoaiJn5aOqk"
"643","0vlkw-WiW6o"
"644","z121BogtU7Y"
"645","TjVDwvBMduA"
"646","4kKQpGFCnzg"
"647","z6kDF-9UOiw"
"648","tGfqFlMeHBc"
"649","DmFNHMBQhTc"
"650","9HvP4la3Iwc"
"651","UdjAaKIGORQ"
"652","tKrjr6kTuMM"
"653","SkRVWobCOAg"
"654","PSUTIemu58o"
"655","NrTYUAXjiAM"
"656","eIvfj53fzQA"
"657","R3TJBJ_YeWU"
"658","gQkiKqbIES8"
"659","msa3bVPRGIc"
"660","Nljrph6yqBo"
"661","sh7XrYqTC3g"
"662","HKI0OIONvK8"
"663","6Pk0wLN5uuU"
"664","nS1yE6Yyk0I"
"665","B3FqL3LgAXo"
"666","mPhnkOYK9Is"
"667","6chlwotOTCg"
"668","YbS5WUPjlh8"
"669","YBGnRT7IAME"
"670","D0UpbRgrMlA"
"671","AkpXDRlHYQk"
"672","s2frdizFSxo"
"673","gyP1wiqMzQM"
"674","6wqEcUQkXtw"
"675","g1qzZ5lr_8I"
"676","W6KL1GNmo8E"
"677","CvP3E6U0Xkk"
"678","p2wvdUAGzmk"
"679","YR5ea7g838k"
"680","LJ8Gp1K4IfI"
"681","hPJ3iW7DZXw"
"682","MNtun9JXx9o"
"683","ST9cmttj1kY"
"684","Xbg_YIsE5As"
"685","XB6SPrYfCqU"
"686","f0nBbqCrrfU"
"687","d8sGWFZ_tjU"
"688","e3hC3IfUn_c"
"689","M76pqke4ouQ"
"690","2qcmAClJZO0"
"691","xZuXRv_eu9k"
"692","xD0SF0AMIXo"
"693","lxR78esqpEQ"
"694","ZM-BgWfUTHM"
"695","WIG35fZRZ9o"
"696","XCCMoZg62TM"
"697","SmurXEnrkqI"
"698","k8ZnobYpyS8"
"699","CgzY4ROrh9s"
"700","nqw5lfGpc8s"
"701","vwAbgUx9_qE"
"702","yrm3mJxONOU"
"703","yXkbzGA4TNw"
"704","bh_eOufFFTw"
"705","Js8pXPnLicc"
"706","dsqOB4BwrhY"
"707","9P2iLmnKCBU"
"708","-riozpHM598"
"709","oTwKvsD9mPE"
"710","g_ipgYdQeAU"
"711","l9kqM6hW_Io"
"712","TJS8JyFa9QQ"
"713","n82fqxBbgOA"
"714","xF-ODBmp0aQ"
"715","W85QiwL7qiU"
"716","KZmX447d6qw"
"717","tdJhuv3idm8"
"718","dYCXMaB1Y7c"
"719","i_1X2zlocoM"
"720","AlDQf26exLw"
"721","F9gYbjY2RXY"
"722","7saTA432MbA"
"723","b8Q9w4ik_Lg"
"724","lQDbKu1ZG6M"
"725","9WkRehGMKbw"
"726","W9BvXPhudps"
"727","S47r8nr1gXw"
"728","V1-BrWJL64E"
"729","14-8-dxSKYE"
"730","-UfxXOPY0gc"
"731","nDEsgJ4RDv4"
"732","Fb-igk_VinQ"
"733","b4LUaBj5sFk"
"734","qh3i2-cpBO4"
"735","fT9rR7rSVpw"
"736","D6OtUF7-xSE"
"737","yxKcJfdXdZM"
"738","lmOZHOOs67w"
"739","a3YTLpEuQrY"
"740","DIc2tckvqlQ"
"741","uWiIga3AQFA"
"742","LuZsejSnono"
"743","qNBClkJKIRI"
"744","UsaaZz41n6U"
"745","gs2aCB2uRI4"
"746","nTKeM1b6yjI"
"747","hToVYwbRzvk"
"748","8zMXTdax4c8"
"749","kFMlxMgfTDM"
"750","AC-J3xfCHlw"
"751","1zUJoHSV2WI"
"752","geWCmB7mZ6I"
"753","4vSyBl491-c"
"754","vIvKH2Kwzas"
"755","2OXGsRvK2W0"
"756","aihWH-KrKcw"
"757","swMynh0MIWw"
"758","esTngDNSfLc"
"759","adilUz3-AAM"
"760","oYcoUYJZfOU"
"761","hR7mRpcn_Gc"
"762","2QWEqWpn_uc"
"763","bmPKnna61fQ"
"764","lycDYuQnneo"
"765","km2QgT2HY10"
"766","A7QVOLXjJlw"
"767","U3pPCHsgXvs"
"768","UmmqRotC4Ts"
"769","kPgf9-4C7b8"
"770","AJ7EtO8xhxI"
"771","aycHf_VtFE8"
"772","aoqFjpjKWFQ"
"773","blqqA6vG2ik"
"774","EYyhxw01oQI"
"775","2_4wiUKIPJA"
"776","c_k_g1CeTLQ"
"777","SWBIP3Btbu8"
"778","p_qOrKE2mQw"
"779","UZjB2Iwt-c8"
"780","Ki2n5dIoFm0"
"781","i-x6zF6PCjw"
"782","jJnCUGZ16-4"
"783","IkrigJQvJjY"
"784","iIhiVK2Nu7g"
"785","JKCsFzy4JYQ"
"786","U-7UDLN7ZYw"
"787","otn3zkH-5cg"
"788","SGvTWu-IjZE"
"789","zYMh_P_hpE0"
"790","Yi2U6tKsxiU"
"791","Iq5VPuRo46o"
"792","MiEPGzBZD0w"
"793","ukHhmsgoTi4"
"794","MV161Nmstng"
"795","R_sgAz--li0"
"796","zskUOLLOWzQ"
"797","9KCSKZmOWdY"
"798","1T_uIiLy7h4"
"799","m8E7Y3b2r_o"
"800","TxR-asys20g"
"801","rZjA6aiaowQ"
"802","aFY-xWJ0ZwM"
"803","iPlLmTbfGkg"
"804","t2mOgm9XerU"
"805","0Xe82VlEORQ"
"806","PUB5cQEb6WA"
"807","WYRFysOATkQ"
"808","K-tqSBHAXhA"
"809","xDJwz4YBTKY"
"810","PxSnHXpcMng"
"811","EkMm-KxY6Ps"
"812","hjcJUF2IzWc"
"813","npvYKLCb0cU"
"814","f3Of1gnlyhM"
"815","7tLLju-I8Ms"
"816","o7hounv0lco"
"817","dl0tn4-k7lE"
"818","CK2mLMJPqb0"
"819","h4QAkA5xhjc"
"820","_sUPgdQ0cbw"
"821","KaXthv0cURc"
"822","wLTNfYewZb4"
"823","fmWfSqULo4o"
"824","JrryJVy_izY"
"825","W4BDx6jJGGw"
"826","8j_piXquFII"
"827","tcJHrholA0A"
"828","xtmhNmGTIw4"
"829","Wm93ofjjFwk"
"830","9wLngnLw6dE"
"831","RyScU57CaLg"
"832","xKyOY6fjHOM"
"833","4V8nSs12khE"
"834","k2oPv8I_NfI"
"835","dmCN8VGREbc"
"836","b4o4AF7_UyI"
"837","gD6XkXA2oKI"
"838","kEnLU57elsE"
"839","ph95SknNC6k"
"840","MKlBcf_Glzs"
"841","1PRNkN6tuFs"
"842","XK9E8iyibYo"
"843","qLh_jSEEHcg"
"844","pq4buNasw9g"
"845","jQAJzXg53f8"
"846","DBiCaHDGtmQ"
"847","QW40P81F2M8"
"848","_yKtEEQCsqY"
"849","vpvpIzwyxeE"
"850","tERfj4ZYIho"
"851","LkxWk_6Cc0g"
"852","LsAjfntXWxA"
"853","sTatM3hM3FE"
"854","bi6MaWR8gH4"
"855","00G7apppaps"
"856","8sG4qfJ2RYk"
"857","KsmupHNdMeE"
"858","iRa4AO2iQs4"
"859","murjfoBBUa8"
"860","8RFOoczKUhM"
"861","4f__0HHSTD4"
"862","bAdGKo2fetI"
"863","na65HQ0UWjo"
"864","zU1VrD6qcms"
"865","DRJ5U7tKilA"
"866","af92dNru5hk"
"867","kmKufS1Vnac"
"868","ICjIuM8qgf0"
"869","xBR3Rm00FZg"
"870","quiILAPqB28"
"871","yXtJ1nY7n_k"
"872","RfMHNQP1o50"
"873","YcV5MwR1x3U"
"874","P8hYcaVlAw0"
"875","8kV6gEp6eTI"
"876","CVO7Yloa_jc"
"877","7PfE6YPK6Is"
"878","25vcq3EFaL8"
"879","qwde4kb1KYk"
"880","ewrXkGJJqWQ"
"881","BIQQE9wpat0"
"882","JWRScUZPrWY"
"883","m14CEhKUA0g"
"884","_sAat9yAoCo"
"885","HbTmIbpSI6A"
"886","QQLITsDDzzM"
"887","x1w-EDsSv8A"
"888","gGkxK3mWCm8"
"889","sHknIMNaHB0"
"890","pvcGwfiVsaU"
"891","abEQJGU0cR4"
"892","WCCncd5wvxo"
"893","aWjUHvSCEj4"
"894","WGmic-WfzQY"
"895","JHNxvZ3EUjo"
"896","iPCup8evy3Q"
"897","o9PLuKWRlQk"
"898","IQYYebaCHS8"
"899","MUuANJHA8f8"
"900","misQaNYb4Fk"
"901","W20UGJA3b5k"
"902","eHaJm4jfA_o"
"903","JgJa_5SUOYE"
"904","kO1GeFTyViQ"
"905","wVLCvj02kDk"
"906","e6HwG0wTVbI"
"907","jediYXrUino"
"908","cWUfz_yPSVk"
"909","OotWz2te200"
"910","XpyQkevVf6s"
"911","JuyPnpu2Dik"
"912","zlgAelNtbRw"
"913","6qflu198BXE"
"914","dyutLYjluVY"
"915","Up4kbZeB2OM"
"916","l6ZksJiLp5E"
"917","tgx_a1XwIIg"
"918","hUgZtBhk0U8"
"919","JCnuN8_Uxv4"
"920","v1MpQ5pPVyA"
"921","00mjs7w7WCs"
"922","xn4eoL5N2Tk"
"923","JFHN-8Adn98"
"924","-mntZsP4EZE"
"925","VLo7_3wACPM"
"926","v2HJMz2He48"
"927","-8Dc8XlVucI"
"928","Vqb2NAK7vJk"
"929","1Em265SSjUc"
"930","_2MmX2U2V3c"
"931","-oliMDhDYTg"
"932","pGyLIJ94B2Q"
"933","DeuwqHDIRSQ"
"934","zxr6mLG8uzA"
"935","gKPnyVksQIE"
"936","uxb-HYnaMSM"
"937","YJszvhCNT_w"
"938","O0UwgAbAd3w"
"939","Rc4TzGm1Vpw"
"940","CYv6MI6Lm_Q"
"941","9cqC-Ha9yrA"
"942","SwATaE_zcWc"
"943","MfvRi3Yh5LA"
"944","zaMZ9qoTRnM"
"945","A1ICCGFg25Y"
"946","KE1tJVImhF0"
"947","cXz00W_ATyc"
"948","BiHZOmLrqeU"
"949","sD0i_YxPATc"
"950","8AYqTgtIgLA"
"951","mV0V3wx9JaY"
"952","KaZqZ_cv2Ko"
